depositor_address,bpt_in_wallet,bpt_in_bal_gauge,bpt_in_aura,total_pool_tokens
0xC859BF9d7B8C557bBd229565124c2C09269F3aEF,3144.1996471715784,0.0,0.0,0
0x857Ab110153AD57240Ab920E93BFb549C045aF55,50.90620627865997,0.0,0.0,50.90620627865997
0x2b44d9764fbbd2B07fbc48212aee4Da331806062,16.028621326615873,0.0,0.0,16.028621326615873
0x4D2179A536E4FAf158D63234d935643ABD62a605,15.96568582569594,0.0,0.0,15.96568582569594
0x51BC9862AD17023fa88435f51FcaA6E677B2ca97,9.968840369782145,0.0,0.0,9.968840369782145
0x3FCaB7343a2CCBC463200d7b19ea8C5e5766a676,9.40960582060322,0.0,0.0,9.40960582060322
0xEA95f59CC3186aE725187d1bE022817B2b00781E,7.881027049878274,0.0,0.0,7.881027049878274
0xCCe44Ef76C5D1a6c756066edf29DE2f68Bc98BBa,5.104884404922218,0.0,0.0,5.104884404922218
0xEFFd5b1fFE1E3c1505d4b6bb6c62Fa13945AFf84,4.989353351900683,0.0,0.0,4.989353351900683
0x143869B4F47E67e4Cc87cC4574f19E3087d3E9ac,4.988627351882157,0.0,0.0,4.988627351882157
0xcF37D588673db3642d8ca0Dd09cbD75E3296F255,4.984202001334717,0.0,0.0,4.984202001334717
0x3bDDDb5bC0EA5C674DFD2393f7dEF28C56014Ad3,4.9826155575217825,0.0,0.0,4.9826155575217825
0xE0D13e1A562C06d5d5b90D11D11c5B4d7D7a56c7,4.981589411506575,0.0,0.0,4.981589411506575
0x20ec22534931E6d76acdD228551B9Cc0C33E4540,4.237476516219532,0.0,0.0,4.237476516219532
0x9902ffDc94Bfd6572A4D6d813e1Cc8f86f2965b5,3.990569067996311,0.0,0.0,3.990569067996311
0x7A12f8072667A18092E90fC6485D468CaAA2179f,3.7372328754407054,0.0,0.0,3.7372328754407054
0xc6A2E59fcf3f6F7524AAb52d019b5AaAa69991a1,3.1695114248574052,0.0,0.0,3.1695114248574052
0x75B9fb460563aEa822d3eccC51c46932C5c5Fe5D,3.0418159571518664,0.0,0.0,3.0418159571518664
0xeEd4A038EfaA0824120C7dC846999f8Ee8C69FDa,2.9919447686958125,0.0,0.0,2.9919447686958125
0x47e79C01438cead0aB17e736F034e05A53fF2a0D,2.990412131047258,0.0,0.0,2.990412131047258
0x2300FC9125068FcB4a9454cA44Df7384c3EDB0e3,2.9137146114040973,0.0,0.0,2.9137146114040973
0x2Fe6Bb6B95dAa1689d33F019431545951ac01986,2.712131321397873,0.0,0.0,2.712131321397873
0xaFE350c76d31B73b5901EacCB86F2834c5Ec0a3b,2.491915841041449,0.0,0.0,2.491915841041449
0x4bf1C916aF61e931D638151C45dEBC90aAf1B2a3,2.395779758495984,0.0,0.0,2.395779758495984
0x9CD9bFF6Cff2f370DD3eD46F3b340cA10b40009D,2.055425335495467,0.0,0.0,2.055425335495467
0x4C6D39e3448321cdD8B3d654E34B11274a9b958F,2.0037987392835386,0.0,0.0,2.0037987392835386
0x05EF7c00a9c93037850baD234D8f5be858203088,2.002621530633691,4.128240510292512,0.0,6.130862040926203
0xB18da1b7AE1A53676EAB1213cbDac1EAf0E84654,2.0008130644853814,0.0,0.0,2.0008130644853814
0xC167372A2e6a0D6E04dAcB506EA4d1051A540b97,1.9955812551153984,0.0,0.0,1.9955812551153984
0x3EAE3466e9c40442D6a40689d28E4a20Be2E4dEf,1.9946269823562524,0.0,0.0,1.9946269823562524
0xE77F0b860d35AB89ab8C5dAbe3Cb293720c6B8cA,1.99301834840825,0.0,0.0,1.99301834840825
0xf2976c06382b2F9538B2F40FCdf0Bb21EAC53CA7,1.9917622918352618,0.0,0.0,1.9917622918352618
0xc2e7577c951A550766e7665eB190cd8721835d59,1.9917616422473547,0.0,0.0,1.9917616422473547
0x55E06688F9a18BE5eAbd00fc5e6971EE553b9354,1.984904982060752,0.0,0.0,1.984904982060752
0x18a4e9b06065C447f68c05C213A0670f92F60c7F,1.9141653920143236,0.0,0.0,1.9141653920143236
0xda32AF5b7Ae685e58EA42d89865b514BADB33c88,1.694236421578397,0.0,0.0,1.694236421578397
0x65E9C2Cbc5F9A105FA46eC298Cca021FAeCD87d5,1.5490893052874675,0.0,0.0,1.5490893052874675
0xC7e840ec9067dC6EEe8df18ec06e88c80E6C193e,1.5396309256537342,0.0,0.0,1.5396309256537342
0x9D6F996cAF7F908EaC8fe5cca3D7BcC22F0B96e6,1.508838657746799,0.0,0.0,1.508838657746799
0xFaCEACEB5fCaaCEe218E3AcEb8296e6CB89F4151,1.5063127778287593,0.0,0.0,1.5063127778287593
0x4BcD2ecc20985645dF1266A364F9daEf82b83C08,1.4950504362681853,0.0,0.0,1.4950504362681853
0x80566FCd9071DEC99906A0861a5259BC4076aC63,1.4811734397918288,0.0,0.0,1.4811734397918288
0x9f0D7a4F22dD84FE904214bdc64F8933B027D181,1.456896956332124,0.0,0.0,1.456896956332124
0x488903c087790B2a6b48def601B57AE1f0751bEb,1.4282310962639806,0.0,0.0,1.4282310962639806
0xF02834974FB24A2253C13eAE353500d67c114Fe6,1.385813508296791,0.0,0.0,1.385813508296791
0x3a0d39A651dFf2F75aE2F17a1A0D170Ce70bBe1E,1.3418756086647918,0.0,0.0,1.3418756086647918
0x2AaeC1cB5C64011ac58D4C199Ca38E332E2548A2,1.3350768178116688,0.0,0.0,1.3350768178116688
0x34C739df7cD032b9c96107316ECff32FaBdDd5e5,1.3258079135314493,0.0,0.0,1.3258079135314493
0x9385708B96B89FE5DB9c20eF8BDFA76463FaF635,1.1909764826852196,0.0,0.0,1.1909764826852196
0x66A29ceA27e89424bc1e42EA92Da5a4d0C476887,1.1567769894934257,0.0,0.0,1.1567769894934257
0xbd948A68fb3ba0104480C6F50E17D39147a8B616,1.135319317227983,0.0,0.0,1.135319317227983
0x1DC2C8e637D11a5dc3f917BE673F5573427b03F2,1.1331227402495745,0.0,0.0,1.1331227402495745
0xbA6F4CAaa76c4D2f7A36745d1D104de97b767265,1.1154978328210006,0.0,0.0,1.1154978328210006
0x99767f5CAFB082975f1283b7009c2a8Aa052c71d,1.1125795069794788,0.0,0.0,1.1125795069794788
0xE6D1fA93606D0CFCB787Ac4e438e457563345d5B,1.08885135656197,0.0,0.0,1.08885135656197
0x0B08BA5819D2D3B2731646c7f3026e3a5abf707f,1.069174597376473,0.09969534407706701,0.0,1.16886994145354
0x57323630D832E134dfC1AEBdd7d125E2bcFd19fB,1.0482875051926064,0.0,0.0,1.0482875051926064
0x84B4fC4818b865CAe1Bc241EbfcC930D9bdDeE02,1.0474303307585773,0.0,0.0,1.0474303307585773
0xe9AF923d51866fA18606Eafb705033F1680663F8,1.0466780879006874,0.0,0.0,1.0466780879006874
0x0C5992211Cb6F3E33F29Abbc2cF8D82b646158eF,1.0462349234465715,0.0,0.0,1.0462349234465715
0xcb19c1e863Eaa9F62d20FEdf34CB1FCCF88CC5F2,1.0458885168249696,0.0,0.0,1.0458885168249696
0xfc30541786Ab59716FE0FFa6938b27A59A38CfEA,1.0407530023233937,0.0,0.0,1.0407530023233937
0x49bD20Ff161067b6429F02EE9e67Ff68f55F4AC9,1.0270239280967361,0.0,0.0,1.0270239280967361
0x475f65183956d3E7239c0cFd7B1A619b69c4C948,1.0078884712818876,0.0,0.0,1.0078884712818876
0x5Dffe87e74Ba0428c18827f2D91F89b982F8b3C9,1.0076654118019182,0.0,0.0,1.0076654118019182
0xc5D1D6686B1b9BACe2f7291c5a6a0309348c466A,1.0063731713620443,0.0,0.0,1.0063731713620443
0xFC79919Ea16fc6E8b48A2Dd309Ab8eb87d17605f,1.0062313565753447,0.0,0.0,1.0062313565753447
0x4501AEE2aC2651EcEc50367f34b4f7dF5C359eBc,1.0005357093265927,0.0,0.0,1.0005357093265927
0x1bd158D832490D69d710d88c38df028a8aC46e09,1.0001734986314175,0.0,0.0,1.0001734986314175
0x0A335391047F06bd67AF434314614B39c70499Eb,0.999412036525058,0.0,0.0,0.999412036525058
0xe80BC65057031aBE75Ec092F1B2327b4c0572bA1,0.9983302097152843,0.0,0.0,0.9983302097152843
0xab32D2AB0622845512049afA056752811a0DF772,0.9981949778198899,0.0,0.0,0.9981949778198899
0xFD9b76bBdA549fBd4ef2bAAD36A9f1e27E46f0F4,0.9980253495343522,0.0,0.0,0.9980253495343522
0x0Ad3b7ffd230736Fe2Ea6937bb0B1BaCE7651E1c,0.9979853821746518,0.0,0.0,0.9979853821746518
0xAbe3c6237efdDD430c13C30A1AACE377FDbeeAD6,0.9979706854017187,0.0,0.0,0.9979706854017187
0x3fd78bEa07849b766742180198523982eD30112A,0.9978408716098296,0.0,0.0,0.9978408716098296
0x5E853Aa8c28C30f5d0Edbea9DD8395A49aee72D0,0.9977933857718578,0.0,0.0,0.9977933857718578
0x64458081F019859c7e35D9a78360Bbd9BD9d419F,0.9977351845229031,0.0,0.0,0.9977351845229031
0xDDCb71e4787241fe6312FD2DB7979b8e754FBD66,0.9976707839434698,0.0,0.0,0.9976707839434698
0xBf77Fd028Bbf9bcC83BDA6e082EF60e563346545,0.9976498105835512,0.0,0.0,0.9976498105835512
0x7Df99E0640c0117D570285b38290b2cE5802D936,0.9976489477514832,0.0,0.0,0.9976489477514832
0xeDF1086b81F979354Fc2ea07260eB83F5852EB15,0.9975094372114995,0.0,0.0,0.9975094372114995
0x0e78D00950377ab5a877190506e3C06A3F62679a,0.9973354622301864,0.0,0.0,0.9973354622301864
0x9efFeB8905fd36954d035870c682b17DF14287F6,0.997263094293076,0.0,0.0,0.997263094293076
0xbA3D0DC35A43e74cab4C33d2C1CB1857A51336bE,0.9969369350662229,0.0,0.0,0.9969369350662229
0xe124dCa70a62E19355D10b12Ec3a51E364602311,0.9967392940663481,0.0,0.0,0.9967392940663481
0xbecaa760412db589BE0cf5028ed3Ab89e9e38826,0.9967378021454064,0.0,0.0,0.9967378021454064
0x7D14160E4aEBc494EAE6e7c05D38246a288be9B3,0.9967293655582493,0.0,0.0,0.9967293655582493
0xC1F3492d4710e9f6de82C3f188E5Cde3a8bE579E,0.9966565401224295,0.0,0.0,0.9966565401224295
0xCFcb3bCBa2e772E53B58f4Bd3D23d974f4Ed98CF,0.9966403305958487,0.0,0.0,0.9966403305958487
0xaD25D4DD9edb1275E813C4ecBb395C7771E655Fe,0.9965983510359747,0.0,0.0,0.9965983510359747
0xaa60736FCDA1151Df8901773ec675bBC4f97A69C,0.9965647424691274,0.0,0.0,0.9965647424691274
0xb141E5281265988bc271244c29FE9B44C3f780e6,0.9963454203448653,0.0,0.0,0.9963454203448653
0x473297214d4c81B97CDA9140c39ce464B0c46668,0.9962430046762759,0.0,0.0,0.9962430046762759
0x4A44962702481fC3E07FF6D816df48A455145eea,0.9961779459197929,0.0,0.0,0.9961779459197929
0xA1b8004F0B75ECf9965d9a84a59e5fBe38EDAD91,0.9959012820165718,0.0,0.0,0.9959012820165718
0x6451f94b2BF99392A94e5cBB50e9831B9965762e,0.9956422893153083,0.9668530687404668,0.0,1.9624953580557751
0x8318A13A7C06139c70a88c6613d42d2e0213838d,0.9955888778349175,0.0,0.0,0.9955888778349175
0xdA9fD4e12D8770C17A8A02060133E3d8C1a9Cf04,0.9955871827116868,0.0,0.0,0.9955871827116868
0x086A4D9E07b08EB2f356e75e150F527922a6F27a,0.9952806558345672,0.0,0.0,0.9952806558345672
0xaF52695E1bB01A16D33D7194C28C42b10e0Dbec2,0.0,2036.0215605114286,0.0,0
0xDAae4350Fe54FeB7fBBB96760dd68e6d1944C49A,0.0,275.8233813836608,0.0,275.8233813836608
0x3cbF175bA7c1f5fBc16A52ce15b09fed60dd483c,0.0,144.47258882893155,0.0,144.47258882893155
0xa10d5174c3950ddC4a56980e3dd7e6fa4c06a2E5,0.0,35.886497415908146,0.0,35.886497415908146
0x5980A9B603711D7545a3d35698afddF3c388Ed97,0.0,30.93573562001735,0.0,30.93573562001735
0xa4013e1089E0E954D6433545f3413D0A4Aba96a3,0.0,30.701511959912498,0.0,30.701511959912498
0xd927877464CA61b6dC6318c16499cD2AD3359cAE,0.0,27.156646611445215,0.0,27.156646611445215
0xa9bA157770045CfFe977601fD46b9Cc3C4429604,0.0,22.035904254390964,0.0,22.035904254390964
0xf02b7D6Bb67cC7Aa8453f0a4BAd19b02a2De957E,0.0,21.462307075664803,0.0,21.462307075664803
0xA8B047ed607117B6876c4db8205BE8b471071b5c,0.0,19.93662245936239,0.0,19.93662245936239
0x1a7CC522F11380016DF1C3dd5E4689C39cf54618,0.0,19.935600565341105,0.0,19.935600565341105
0xa8335707Df53fd16769C32d1829c3C4778C78e3a,0.0,15.807256134788872,0.0,15.807256134788872
0xbBced90FAaC4490bf5e958aa45b06C43D2Aa1048,0.0,15.57354592398163,0.0,15.57354592398163
0x869A1d808A3038E2d1C69F1a3Dc34fF7D43Ea3e4,0.0,14.961181275535031,0.0,14.961181275535031
0x9f1C0c8cd4D024AFAd02d629C5930911410291A0,0.0,14.832073568353378,0.0,14.832073568353378
0x0143Bd780dab8a7302141C3fDB8EbaDE1FB56f92,0.0,13.223606536443882,0.0,13.223606536443882
0x64A25876f890B943CD19c628f337e656c2a7ac29,0.0,12.028151042814816,0.0,12.028151042814816
0x93a208b0d7007f5733ea23F65bACF101Be8aC6cD,0.0,11.438753530562725,0.0,11.438753530562725
0x86B7384c05c9dd4b6238e50FcBCC5632D0De9277,0.0,11.341771316336871,0.0,11.341771316336871
0x2F38Aca175C72412d931E4407B34a01fea77539a,0.0,11.193334378788597,0.0,11.193334378788597
0x86026B3865271fA6cb03C71081a23dDcE8E3E1F1,0.0,11.132723440400012,0.0,11.132723440400012
0xaAaC34d30d6938787c653AAfB922bc20bFa9C512,0.0,10.198163767083622,0.0,10.198163767083622
0x4aFba378D77A22A619b2519e95D3c9FBAbc75A67,0.0,9.9560992277598,0.0,9.9560992277598
0x4e433E2515DB1E3C29D99098F3cc8607fB8DB54D,0.0,9.937171748348355,0.0,9.937171748348355
0xe15089AF07658625E34852ea25B74E290F79d8bd,0.0,9.528678066763284,0.0,9.528678066763284
0xdEf9deF839169a6d76B3A466c4646F325f8bAEd2,0.0,9.395812135742469,0.0,9.395812135742469
0xDc0b195B8c5DD11815cc78cd0AF7aa9F633dDc58,0.0,8.74250002883497,0.0,8.74250002883497
0x313e783928a7E63139e50fE426f24acDe21bFc9e,0.0,8.282132606620786,0.0,8.282132606620786
0x919cF1892cDD97C068e0dfc9CA44f84B543a00f2,0.0,8.18303693793069,0.0,8.18303693793069
0x9C6C9ac7cA192A46405cC7875385763223Ce62ad,0.0,7.972670155766585,0.0,7.972670155766585
0xB75fDb88ca27931620eeF02B73C1191C84ab920A,0.0,7.226609961810345,0.0,7.226609961810345
0x1D9F85f9c6af2c718Ca946Fe75edDAE950427C1d,0.0,7.069283339586232,0.0,7.069283339586232
0x1C0cD21E168c41d954c1f10c14F1df6ECf951FBa,0.0,6.438256811536729,0.0,6.438256811536729
0x5A089c72cf4dE3211Bc9bB9E06c5076E37c2E76c,0.0,5.380959376497607,0.0,5.380959376497607
0xBc5D814E37b94cdeB583362F97bD8C423a66C5A9,0.0,5.182740442835042,0.0,5.182740442835042
0xD648b2a801cff119954154412E88bc53593Fd557,0.0,5.02784047547902,0.0,5.02784047547902
0xDb1ED3C680ed6b7cBfb8E733659f507935dff0CE,0.0,5.0061995570218665,0.0,5.0061995570218665
0x00f4ec9143d450DFda4d668Fec51bfF2599c7224,0.0,4.989912398350383,0.0,4.989912398350383
0x102522125522cA393A9305dDd11D837D64b98EAF,0.0,4.925832297301073,0.0,4.925832297301073
0xbA8A8FbD6336e4c78A6d4A60395E29E36eeb46A7,0.0,4.789094182928269,0.0,4.789094182928269
0xe394C410aCAdb7e0d352E467Fe91262F1C3Be1D1,0.0,4.778061693441366,0.0,4.778061693441366
0x2529547879e92f4A4a42D76FA53f433363438296,0.0,4.5736388146057605,0.0,4.5736388146057605
0x0C9e20B9046f31DA1E84B1B968b5FFF23e815FD6,0.0,4.518179261219132,0.0,4.518179261219132
0x0FfA5a266F8Ad70ba093c01F34dBE677324aa4f9,0.0,4.448546688136278,0.0,4.448546688136278
0x2A6d3eE95b0c4176dbEf0e38cCf6FC62eC264D35,0.0,3.9919080579267963,0.0,3.9919080579267963
0x03D0D021cff4faDA9f1a4392393cf43079830d33,0.0,3.9907018662542906,0.0,3.9907018662542906
0xFD747812561127B8b4df3Efa18a0C236E2b7b991,0.0,3.9879288132945283,0.0,3.9879288132945283
0xB530A1f6CB0C6552b266D2Db959F95E59338a33E,0.0,3.9831135970614735,0.0,3.9831135970614735
0xb1E8F7dd4bA0DDACFa87A562444f8a8224799452,0.0,3.9151957857891615,0.0,3.9151957857891615
0xEBa9A3FD1475F130003c09967745e7B9f8D34e17,0.0,3.491332655699057,0.0,3.491332655699057
0x654c32f67DA5eeE4D6d79e43e2Fed58c51a0D106,0.0,3.4884152373765205,0.0,3.4884152373765205
0x82b7Db2bF0AE6db3c10439A32C9b618429B7e23e,0.0,3.398931342187754,0.0,3.398931342187754
0xC7A142aA3E3A0a615E4Cc41eC55dbcbC1D9F3975,0.0,3.2426720735580488,0.0,3.2426720735580488
0xB453665480A8C821278F68537d203FB8B164e777,0.0,2.996695996182311,0.0,2.996695996182311
0xe6488D8734C033a6b2f0D7Eda77CdAe1986a2c70,0.0,2.987560456807892,0.0,2.987560456807892
0x4F8a7f86bB32661b9FdaEA933d448F721aD3b953,0.0,2.938309886869091,0.0,2.938309886869091
0x6850256fd7893463d602Ae79CC27F86A31731b1c,0.0,2.860778387111098,0.0,2.860778387111098
0xB8bB5274D3827D65b935466c521a2BC83B17Ad89,0.0,2.492629200671118,0.0,2.492629200671118
0x71c15691e243bE88220957C784053EF0E084440B,0.0,2.491355483249962,0.0,2.491355483249962
0xFEADe6D1a01b24346cce4658592B2779020B6427,0.0,2.382382384706705,0.0,2.382382384706705
0xdBadeaeAe10Dd1B20Fa8A8776A5EEE1Cf7768711,0.0,2.25683458436198,0.0,2.25683458436198
0x4FA40BA023B7577DCee5779E7356F2EEA7A51662,0.0,2.1398016772427217,0.0,2.1398016772427217
0x391eE0b872296bF858b493EdDffcfAF20a3456CA,0.0,2.094025219361997,0.0,2.094025219361997
0x71c1B6562556B2b7fC9929cB1D4c949248036320,0.0,2.090525980132468,0.0,2.090525980132468
0x91C497190b8577E7890cA0019a2EBe3aE4F246B4,0.0,2.0542999550485734,0.0,2.0542999550485734
0x56ABaf385A1B47074cEcCe29528ab4094D87fa63,0.0,2.0497565748589075,0.0,2.0497565748589075
0x2Cb3a65F8b528Ab4C1D51C9253a514F193a0046f,0.0,2.045184658185338,0.0,2.045184658185338
0xe178d44Ec55FC3F27D399094d43b44cD65e4666B,0.0,2.02416723788601,0.0,2.02416723788601
0x3233C101A6238DCdd3b4D23604ebC0b34d5199B3,0.0,2.0051892818930326,0.0,2.0051892818930326
0x92ce76ccb7E60cE8664c9A832365659C60a3a5CC,0.0,2.0038175931173074,0.0,2.0038175931173074
0xA8c73ee57C268872B9D2D7A90E5F2e31AF8493Fb,0.0,2.003113697019084,0.0,2.003113697019084
0x3cE3D1804A894730589aaf5Ed275553470779664,0.0,1.9952787267421488,0.0,1.9952787267421488
0x05D75222CEd4e3e1d43F4dBCDd239b9BDcc346E8,0.0,1.994894403970017,0.0,1.994894403970017
0x049b590c7CD80302dbb9D24CFC10e455D23ad795,0.0,1.9670083835209673,0.0,1.9670083835209673
0x0Dc69f398a6C1b6d1777FF4be17cDB97Ca7E5786,0.0,1.9092875518535588,0.0,1.9092875518535588
0xb6E14Cd9F6fEd43A4601c662454C3763dCEEc7B8,0.0,1.880856715691288,0.0,1.880856715691288
0xf3f204E75740Ae0301402ca8A16B85AdB43936C5,0.0,1.745381052255026,0.0,1.745381052255026
0x791b2F2ae169B5d5143d73B0C4b723B884335EBc,0.0,1.739986832083764,0.0,1.739986832083764
0x85760CABea05587d4A9C505E6f87aa6A508625bf,0.0,1.704954258735304,0.0,1.704954258735304
0x89142BD9E2A5e89b022Ac17F9a91739aA414357C,0.0,1.7030509190573864,0.0,1.7030509190573864
0x07A627E9AEd0c58Bc97B9b2e39F3cC616cAA9e80,0.0,1.5703438093653554,0.0,1.5703438093653554
0x1fe325a9da6668E34e09b82BEafb91C058d10aEc,0.0,1.4966046211140889,0.0,1.4966046211140889
0x830B48CcC2b50C8a49756939F5FFDE8e8aFB4cf8,0.0,1.4939923793751901,0.0,1.4939923793751901
0x5A8bd29B93b1909ccD64aA5595bDE5fb69B538Ef,0.0,1.4934830802360761,0.0,1.4934830802360761
0x0ae98a877Fd56cd9e959b1f64E40Ed93FF0d7031,0.0,1.3955131189739693,0.0,1.3955131189739693
0xFF2Cc28e4Ae25B9d32105b7d17D1171A3dbdD767,0.0,1.204466567566719,0.0,1.204466567566719
0x56fAB7449BEB0dC7081e684025666ab2fBA65562,0.0,1.1072612287108814,0.0,1.1072612287108814
0x28849B0d0A126dF896Ff2F69eBE9B1373B16cCBE,0.0,1.1048646645993403,0.0,1.1048646645993403
0x65Cb5Bff8BaFe67CD9106b454843dbf233aACf7B,0.0,1.097189199049592,0.0,1.097189199049592
0x168fc6735F2D16955ceeFe3C326B58F2b709AD4F,0.0,1.0966268497945768,0.0,1.0966268497945768
0x730e0E40B5053dA12A830C6Ea75037befdcFeE53,0.0,1.096381856537301,0.0,1.096381856537301
0xab58779cec2B82A75Ffd103fDc88D7e3aDb13468,0.0,1.0951184342530393,0.0,1.0951184342530393
0x723b1137AD0C40005504973F22971E47ba476191,0.0,1.0475123998840166,0.0,1.0475123998840166
0xDA95990cA02E43a593D688b8B860795602f4c58A,0.0,1.0462958602693515,0.0,1.0462958602693515
0x7cDE136E4f4a895907ac6a6abffDe4d25BAEbF9c,0.0,1.0269671855488065,0.0,1.0269671855488065
0x4765106F6e3140bd0309d12CB4705252C754DFe3,0.0,1.016935906198765,0.0,1.016935906198765
0x7E7C9B6Eb6782f2c88659008A7Ea00b4BECeeb4A,0.0,1.0165982493114194,0.0,1.0165982493114194
0xcf1a9dE438996Dc8A6640B8f74d8D90faA4E8c2C,0.0,1.0114239990879632,0.0,1.0114239990879632
0x2dCf3613f8B28c8ac645f58bD1d8EE1C539306A0,0.0,1.0077750819755,0.0,1.0077750819755
0xD80267de5eD5de6F7D6C66986b17b138fe2e1220,0.0,1.0071918113923892,0.0,1.0071918113923892
0x31F6391008693F1D88Cd0C75a8E81b2D7Ca922E5,0.0,1.0062972587605,0.0,1.0062972587605
0xcDE9Bd3667aa3375295dffF641714ef641d377Be,0.0,1.0059986739161153,0.0,1.0059986739161153
0x69D7B56e48F4A6E60fe51D4CB16e4d44ac2d3fc0,0.0,0.9993644476311211,0.0,0.9993644476311211
0x68e3Cd24296eA15D479421c0CecB3C9AdCe775E7,0.0,0.9987611242752745,0.0,0.9987611242752745
0x4A5EB7f48D75C411a51c6E8f92A4b7142A41c41A,0.0,0.9980745995034834,0.0,0.9980745995034834
0x0Aa350FB487F75d4f5d6ED920A5ae0923ded06E1,0.0,0.9978461446424141,0.0,0.9978461446424141
0x55C94752B98deAc4AFC283dc52116179D1C8D0C6,0.0,0.9977643427367203,0.0,0.9977643427367203
0x371CF89C169609cc03d175FA27Df16CE7B3244Cc,0.0,0.997586997991511,0.0,0.997586997991511
0x3653e0bC95C40c52F2ba2280cadE82d896dD55e6,0.0,0.9974576597838448,0.0,0.9974576597838448
0x593A5B564D3C7577c5609c17c4E690460234505e,0.0,0.9972690790871769,0.0,0.9972690790871769
0xA055Cd7A19764625F1185468C50B5Cd993D1Df02,0.0,0.9972562708305853,0.0,0.9972562708305853
0xD33108C7e3D838165F0c0B80A925806729991C44,0.0,0.9972101146760672,0.0,0.9972101146760672
0xaE85727AAba526C3FD826ABC3440843FB630b62a,0.0,0.9971686999572892,0.0,0.9971686999572892
0x75e6e34a78cD19054BD0f298eb47b6DdfA2c4127,0.0,0.9970568047662928,0.0,0.9970568047662928
0x8121DCd38b198A392D03700390D729b10bc65446,0.0,0.9969769374817725,0.0,0.9969769374817725
0xC933c5634e4B973daeB4060eCeF618a56693Ac86,0.0,0.9969212751850405,0.0,0.9969212751850405
0x2247851255da65Bc631C4B01d283f318F5eFfBb6,0.0,0.9969021422448031,0.0,0.9969021422448031
0xc453E5Da6027Bb888E967dBCC4e0426b2A350995,0.0,0.9967915898382013,0.0,0.9967915898382013
0x70Ec1731888C5Ae530359c3068d77eE590507359,0.0,0.9967798266015764,0.0,0.9967798266015764
0xfD56CC4979e33C2ef97d97B63fB664250f33c946,0.0,0.9967531122642826,0.0,0.9967531122642826
0x631F059F5Be79348A64C0D5514b8930f8720caEC,0.0,0.9967211125191955,0.0,0.9967211125191955
0x43657d13010E6386fbc6D0DF203152e38b76633A,0.0,0.9966710008530331,0.0,0.9966710008530331
0xDaf7129A45aCAC08ec46A549e776353f540993EC,0.0,0.9966572076126399,0.0,0.9966572076126399
0x97804e2E72F141D3D8D4f1FC8fA502C6d403091a,0.0,0.996607560714844,0.0,0.996607560714844
0x79ee88eD9a5b58438001392C172eB428bB118aE4,0.0,0.9965911722654405,0.0,0.9965911722654405
0x9F8334119CAC7E67f22eD02942aF7a9dc3F5E3f8,0.0,0.9953081094580968,0.0,0.9953081094580968
0xb409e1Eb550197C4dEAf0beBA5372b47cb833c55,0.0,0.9495627628177973,0.0,0.9495627628177973
0x325ba40886587cE0182F050CAcd7EBDcB7B16fBc,0.0,0.9434912939871261,0.0,0.9434912939871261
0xe8D682FCFCf65F6748d2458e92f70AbaF834BBF6,0.0,0.9074130505914433,0.0,0.9074130505914433
0xb195714a6C66DD3Ed4969934D512d0b825f3F77f,0.0,0.8969855959317737,0.0,0.8969855959317737
0xeBD5F0763D46a9e9F9c82404b6Ad3ee0788Fd662,0.0,0.8577814749058494,0.0,0.8577814749058494
0xb1C11ecAF7B984cc71A9A3eaA4A093b93386998f,0.0,0.797932141033622,0.0,0.797932141033622
0x301F095481B80E169791b6b25F5572Cc4aCA07c7,0.0,0.7974522153112449,0.0,0.7974522153112449
0x279299a86A1Bb63f6aE9957EA2a0FB709f5B268E,0.0,0.7972945650551229,0.0,0.7972945650551229
0xbFa82D22492c29eDF27669e133DA1348EE81da82,0.0,0.7962812964585659,0.0,0.7962812964585659
0x9E2E8B8f07770dE8ddea3dc7443488b88cD1E36D,0.0,0.7940097952856857,0.0,0.7940097952856857
0x078a227c6e4C0F73EfAC59d16B1886FD586FE422,0.0,0.7577717054971091,0.0,0.7577717054971091
0x9E29edC9D983BA390d26192E1811A3cAe9d37299,0.0,0.6486359119910754,0.0,0.6486359119910754
0x93FF5e754c3d981de28a5b76764dc9f87C8bB647,0.0,0.5981551327267679,0.0,0.5981551327267679
0x21299b954e937a13Fdd4B4b790887ad944251A7a,0.0,0.5870400738080255,0.0,0.5870400738080255
0xE8907B1d6E4A9EEbCa6EA0CAAEf593716529612e,0.0,0.5588223158750918,0.0,0.5588223158750918
0x03E5AA64c96885C9290842eC4A2707DbAcAD0A14,0.0,0.5198145247276826,0.0,0.5198145247276826
0xf42E408E16Faaf24879DD30d01C0f70d3EfdAd13,0.0,0.5188958430505907,0.0,0.5188958430505907
0xf672775e124E66f8cC3FB584ed739120d32bBaad,0.0,0.5186358179900525,0.0,0.5186358179900525
0x94c3eE60cF92858cBB98E3fa73Bd02f7a51615A0,0.0,0.5183446342845683,0.0,0.5183446342845683
0xA7522bdfD35B917CB85838fb2Eb297D3d9905F53,0.0,0.5136464183915311,0.0,0.5136464183915311
0x98E92de82c799C4298fe806db556a9Db3C4a4FBc,0.0,0.5133239396761908,0.0,0.5133239396761908
0x494D928c4b8221aAbC5d8A06dd211f496d9149bb,0.0,0.503560076384851,0.0,0.503560076384851
0x0C01C03f8125d25a6e1637C036D6825C920301E9,0.0,0.4991015293284225,0.0,0.4991015293284225
0x096e332D0C197aB9FE8c92034c32f36D1182c358,0.0,0.4988573286825387,0.0,0.4988573286825387
0x8B8Dfb763C9986A8f668cEb8249B48c09cBeB2c0,0.0,0.49884385428805006,0.0,0.49884385428805006
0xDB0132c875eA7A00c4a6283da592ae6500205396,0.0,0.4988400188528328,0.0,0.4988400188528328
0x21fb5E47BD720b37E44f052C056e38451d6c39f9,0.0,0.4988366720593803,0.0,0.4988366720593803
0x9B333AF0243dB15035a51FDBBEB4abee51E030df,0.0,0.4988335055098918,0.0,0.4988335055098918
0x37DD83EbDE2d144bF68be9a6686A3c9BDa6Ff73d,0.0,0.4987861252253044,0.0,0.4987861252253044
0x5f5167B959a34291Be541e8f29bb6e7F27cf8242,0.0,0.49872337129485156,0.0,0.49872337129485156
0x5D678eB616CD20df2E6aEd3DF8Af7B679Fc5DCDC,0.0,0.4987190973046529,0.0,0.4987190973046529
0xb441447766f70d661AF98E7bb7DcEd30EE01BeDc,0.0,0.49836844447784906,0.0,0.49836844447784906
0x174c59026ADEC8419227b887379139a06f6c009a,0.0,0.49834927797966333,0.0,0.49834927797966333
0x52101C09296E8486cCDbB7fC2d5B25b204258CCE,0.0,0.4983340412615534,0.0,0.4983340412615534
0x1F7C019c8D0135De2d199ca0E9742f2a283Cd23F,0.0,0.4983279960141196,0.0,0.4983279960141196
0xEB561806cEf0568ED3F787978a8a9CBEeF30e4B4,0.0,0.4982959488732046,0.0,0.4982959488732046
0x7C9F1F645b0D65657c48BF499f54aAF2C67e08Dd,0.0,0.49828990806828866,0.0,0.49828990806828866
0x0b3793F510a4e27B612a0694A0d1fA7af34D5629,0.0,0.49400219996647426,0.0,0.49400219996647426
0xf4A97dD7Bc8b9C536f7EDBB6065C4FAe2d55472c,0.0,0.4856281242915277,0.0,0.4856281242915277
0x1d6dcBA15fC139efa637357a9ff29f32431163E6,0.0,0.4748970939107373,0.0,0.4748970939107373
0x9E0442e43B09Af8AeC0D952602e67fbF5052b0C1,0.0,0.47153034344591777,0.0,0.47153034344591777
0x3E2F2523FE75E0C704091242f39Bc87D3641Ecc7,0.0,0.41835617135607794,0.0,0.41835617135607794
0x84d4a3D6549782a9e8a73c923081B63ec6768e78,0.0,0.4108430272396976,0.0,0.4108430272396976
0x77AdA917AB0022C1c9aC5d870b96eD39b634365c,0.0,0.40891391804997196,0.0,0.40891391804997196
0xe8FC2013e0b39A95f2fc5d696Ab91535D72A8e80,0.0,0.3991017446186987,0.0,0.3991017446186987
0x1c0393442c311Dda007d0ef0e839C4D000Cf5241,0.0,0.39859091987114154,0.0,0.39859091987114154
0x7341dd296dadC5BFc03034E25c828E4020ffE55F,0.0,0.3985681247987865,0.0,0.3985681247987865
0x5865952d68DdEF6a4C45d7CB2f2Fd89b1F4c14a9,0.0,0.3941314739283239,0.0,0.3941314739283239
0xEBcC98573c3cd9b5B61900D1304DA938B5036a0d,0.0,0.39074369646320833,0.0,0.39074369646320833
0xf64E4ea924228fD94d727D528A5a519C9D2b278f,0.0,0.37860082553246893,0.0,0.37860082553246893
0x11FEf48755372F3828d36026fC79c47200D458e9,0.0,0.3488725529368756,0.0,0.3488725529368756
0x640Ea12876aE881c578ab5C953F30e6cA2F6b51A,0.0,0.34756159763645306,0.0,0.34756159763645306
0xcB522e2Dec360323582e2143558C3F74FA89eae8,0.0,0.3215064842150161,0.0,0.3215064842150161
0x6dEdE60729608Ac783aA8a3A2c4A2f100FC26958,0.0,0.31983552679052074,0.0,0.31983552679052074
0x27D7080AF6F6876841282068D81b9f4cc18d2118,0.0,0.2990345392081672,0.0,0.2990345392081672
0xa78796339C300DaEfa0B24c7b546576e63e16eE6,0.0,0.29898947769866013,0.0,0.29898947769866013
0xB215627eF2fF410d67Eb9D8DEc14D533B234051E,0.0,0.26462284772608136,0.0,0.26462284772608136
0xc9F69b00aB541EaDA632e1dA19B71f0Bf82578B2,0.0,0.25981516784543895,0.0,0.25981516784543895
0x3D005D08dA1E75f0175FC8e1d654D6542BADAC40,0.0,0.2580474728025419,0.0,0.2580474728025419
0x0f7d615df8Bd8AF6547a35596186CD3a95576F02,0.0,0.2495042303402393,0.0,0.2495042303402393
0x5027c0ae17d088c8b5B05CFD6D359c2F5748aF7f,0.0,0.24936257924728425,0.0,0.24936257924728425
0x1235F2CFF557ab15f8C37132e7C1F3956b716577,0.0,0.24918434197032563,0.0,0.24918434197032563
0xCAB7beF82f2A10E70AA39B51883C37ebE55Ba2d0,0.0,0.24896642362241989,0.0,0.24896642362241989
0xA435444a3C1A484795c4dded01E404500c3A8292,0.0,0.23931643563380725,0.0,0.23931643563380725
0x7857C95b968151bBB734115921d0792c1A67E006,0.0,0.2384259504459769,0.0,0.2384259504459769
0x00000002D88f9b3f4eB303564817fff4AdcdE46f,0.0,0.23798242003850695,0.0,0.23798242003850695
0x6bC4277C1A2Adb4e902db8684f9b7366cC575fCB,0.0,0.2372887151814254,0.0,0.2372887151814254
0xa6F95ffA23cA53d33390F3Ad6d1dA06F8A456CCf,0.0,0.22942977409611673,0.0,0.22942977409611673
0x52125738A4ac48f5A620756e6c63DeE6aa021562,0.0,0.21944735953304165,0.0,0.21944735953304165
0xAcBB310D902a21d361CBe8a978DE2C7c2254360e,0.0,0.2193517118075764,0.0,0.2193517118075764
0x2d94aDE00ed1DeA7308ad9CCa283EF4eD1CC259e,0.0,0.2192922918690283,0.0,0.2192922918690283
0x4261023bdd1b35a611adE0E0333Cb418d905808F,0.0,0.20887832630415668,0.0,0.20887832630415668
0x61705aB3e4F1948216f1127cF5209f60006AAB5d,0.0,0.2045229811227991,0.0,0.2045229811227991
0x91857e7b0d44cc965156d915a275D3Bc3DB9539B,0.0,0.19962735126589812,0.0,0.19962735126589812
0x379212C0506d1A182297928530dd38a92AbFe397,0.0,0.1996025121746224,0.0,0.1996025121746224
0xBE7045990ADAD60926CD5caE97dC2D4Ef9250677,0.0,0.1995854619039549,0.0,0.1995854619039549
0x50c130f9B48b2046ACd713b7C19EeE9fcbb31358,0.0,0.19957574801209635,0.0,0.19957574801209635
0x8364BBed3FFd09327F1fA9bCb3B58c93aD79987A,0.0,0.19955450598233726,0.0,0.19955450598233726
0x85203ED70b01479975b864AFc2c2F94245D5f0a2,0.0,0.19955267392852147,0.0,0.19955267392852147
0x3C4f9a42cC2F2eA8C8EE681bf813BdA870F87187,0.0,0.19941775647866294,0.0,0.19941775647866294
0x9793D88fD35101EE9eCddb4719011653912294c9,0.0,0.19940305928769797,0.0,0.19940305928769797
0x444444344f50DAd3A1fCA2bEFB9526D3C4736450,0.0,0.19935787699512472,0.0,0.19935787699512472
0x47b7699243df55ebcEBF938c2055d4674aB0a467,0.0,0.1993564909761856,0.0,0.1993564909761856
0xB3592Ec9c11Be0FB4d71ee09C54F65deb061A337,0.0,0.19935512067628533,0.0,0.19935512067628533
0xd9873df817AE38dbeE1D2aF25d3c206E1F826F44,0.0,0.19933022626670985,0.0,0.19933022626670985
0x57403d7EeAB8E742baF56F4eCc59eB86957b26F4,0.0,0.199250775481281,0.0,0.199250775481281
0xED0e3fCC2DD56a87780C3eD3bFF90A7297346367,0.0,0.1991815936033219,0.0,0.1991815936033219
0x4232be5337fF21105225348750eC261A9d7B3C7f,0.0,0.19866281877532424,0.0,0.19866281877532424
0x446750d181584168B116002152656F9272042Db8,0.0,0.19456984821483955,0.0,0.19456984821483955
0x521f8b37aA0A815d6B624908B26740DfB8B6cd84,0.0,0.191439086893121,0.0,0.191439086893121
0xE7dE001cC6F2eB46c648B5BF8ae8CD5dBdDeF910,0.0,0.1845592034079572,0.0,0.1845592034079572
0xf5B698C8d620aE3a459c82EA3EC25141a4D16eFc,0.0,0.17927345292553165,0.0,0.17927345292553165
0x64aF0bfE6ff30dBD8AA4e88015AB19763fa4b6A3,0.0,0.17033153208658527,0.0,0.17033153208658527
0x7d83C2d3a16A954718070707F2741de09C519B40,0.0,0.16956264104353178,0.0,0.16956264104353178
0x9440921001e1877D10fb1F68D1FBFD0749d02c17,0.0,0.1694600422771104,0.0,0.1694600422771104
0x866f84E6cd0ea54c90F055Bf3d87fa884dC8daB1,0.0,0.15411699938566406,0.0,0.15411699938566406
0x627366B92841d7E98Ea2A6B045B841CE62B168D1,0.0,0.15245045807943644,0.0,0.15245045807943644
0xfb1Af076916dfBEECec88BC2bdA6CA4D30Ac0F19,0.0,0.1496566053352543,0.0,0.1496566053352543
0x5461eF36bdF969E8FF4a6118D0464697d646FbC1,0.0,0.14956790345277385,0.0,0.14956790345277385
0x7ca83Da48606CBFBbf12AF0294dFB7433C0393Ea,0.0,0.14951031853685473,0.0,0.14951031853685473
0x68fAebCA9F5c4E55B60f90Dd481e81eC6b8Ed9F7,0.0,0.14948922533810294,0.0,0.14948922533810294
0x94085eC1ACEea70F48413d8Ddc90F161ebda53Ae,0.0,0.1494889865408022,0.0,0.1494889865408022
0xB0ba21F44E5E306a246F9aF5D4904c081dBbA23b,0.0,0.1492221274019203,0.0,0.1492221274019203
0x86cf890E7712339D24F70d9B799d0Bfb28b221a0,0.0,0.14645701617745358,0.0,0.14645701617745358
0x3D33F5eB83c782af66C437A7585ED9d33f180172,0.0,0.13969889575419286,0.0,0.13969889575419286
0x583339d706cD044D79b88cF361753DBe49160b35,0.0,0.13712234869284812,0.0,0.13712234869284812
0xd39235104dB2ABbf495f2B412DE6F0bB052832ee,0.0,0.13696269385122523,0.0,0.13696269385122523
0xfdEf95e183b093f26CFFECa62130952c65405381,0.0,0.13384628503085075,0.0,0.13384628503085075
0x0fBB0bE868A62c512D670468Eba194034D3c70ce,0.0,0.13350417012818577,0.0,0.13350417012818577
0x4D2D3d3ECfF3c8722997CFE3B6E2feB072180307,0.0,0.13349866140465655,0.0,0.13349866140465655
0xe01E0aBc766A3e2b6FF4c2525fb62733f421F952,0.0,0.12180391774388868,0.0,0.12180391774388868
0x5D5b708b342455EA6B352E66a0002f4821d993f2,0.0,0.11975865982258013,0.0,0.11975865982258013
0x66E41cAE81ee95d56DA2d7d14164119e948BD64F,0.0,0.11972362372698976,0.0,0.11972362372698976
0x586b222656a28410AFA72a875cDd27478e9d1B69,0.0,0.11478765315448428,0.0,0.11478765315448428
0xd911B4b377BF972DFf405941CdF50dae852d8672,0.0,0.11468267136669662,0.0,0.11468267136669662
0x4b7092FFaBbD3f2805a0CF2e55A7cc41eA0CA158,0.0,0.10971746477150182,0.0,0.10971746477150182
0xd113a6a043c7c284de9A570171859D12C43A4F83,0.0,0.1096882231032381,0.0,0.1096882231032381
0xca859831a72B86491378E73Af2Dac9E93541469d,0.0,0.10963391814890126,0.0,0.10963391814890126
0xc5202728042513ca0df99F597D64B0F34087501A,0.0,0.10466287376778476,0.0,0.10466287376778476
0xA450217E722E8dc9168dD2820E691529E12159Ad,0.0,0.10104488681197435,0.0,0.10104488681197435
0x0862fa850505CE88C5D390113EAE51337B404AD2,0.0,0.10070205156558831,0.0,0.10070205156558831
0x74CCE3bcFD9a37AfB51946adAb7eB6b4611F5AD1,0.0,0.0998193922046536,0.0,0.0998193922046536
0x016D6175fCedecB8faddFB57DC6438695768E3d2,0.0,0.0997865999758316,0.0,0.0997865999758316
0x9A39AFD85526F20a7008B4BE49Ac95A62C8Cd02d,0.0,0.09978494457525518,0.0,0.09978494457525518
0xDbb30c3a4d91E4E1Cf0459D727eD12624218Ab0f,0.0,0.09974535428673463,0.0,0.09974535428673463
0x7E62A7db91c30cf9CdD0bf79001f1105603284Fd,0.0,0.09968805053062628,0.0,0.09968805053062628
0x13889d6EEFFE8F3FF58c0833785E12629a1730B0,0.0,0.09966778627455286,0.0,0.09966778627455286
0x5805e7AA862cE1f482A9a1166b9478C682d550d9,0.0,0.09966494923966936,0.0,0.09966494923966936
0x6DABDFC2f21866Fa06AE69b3912DeDE32707854F,0.0,0.0996422154628561,0.0,0.0996422154628561
0x35e55F287EFA64dAb88A289a32F9e5942Ab28b18,0.0,0.09962366615275499,0.0,0.09962366615275499
0x17c9B9067051529eed7A777A1f5629471E2b1ff2,0.0,0.09960844346973695,0.0,0.09960844346973695
0xA985f3A1db31f819bE8B8788ef9F3435D45cBB83,0.0,0.09624952884678925,0.0,0.09624952884678925
0x0b493Af26Fa61E5FF84290cA934b7c85E3195505,0.0,0.09418063819171933,0.0,0.09418063819171933
0x81E5038938f7A2e12d24CcB25175f1c7682093BE,0.0,0.0924248203282303,0.0,0.0924248203282303
0xc070f43A770c6435AE5C587D27b7c53641D645C6,0.0,0.08787644416748719,0.0,0.08787644416748719
0x2644262cA72ef07e648D3aB9fd953636aF9Be2A1,0.0,0.08775035749104633,0.0,0.08775035749104633
0x3504536e71E1dA9e38c33f1E701D3D60053CCe6F,0.0,0.08213698278438364,0.0,0.08213698278438364
0xCbCd3e618612611a2FF7c7F984BD07449F8BA2f9,0.0,0.08123872020900179,0.0,0.08123872020900179
0x0bE440968Ad76B227aE11Ee831dc9578fa7b046C,0.0,0.07980740467185272,0.0,0.07980740467185272
0xCB867f56298579364527A69022e862347C06E84B,0.0,0.06518458275345464,0.0,0.06518458275345464
0xE132350a0369B84d0e80F1987b83Dd14C1367648,0.0,0.06517705342918508,0.0,0.06517705342918508
0xc876B3452411F759A8Da872e0dCB43588F2B31b2,0.0,0.059989445783875044,0.0,0.059989445783875044
0x2Cc9628Ebd9F4F9FAaC3fc988BA3875F3a4F64FB,0.0,0.05980257816247038,0.0,0.05980257816247038
0xe98dfF5FA55db9BB934ca4EF4c04Fbe5863b81D6,0.0,0.05979753631715781,0.0,0.05979753631715781
0x1b44D73d7aD8066E2Fe5952753FE35651756ac49,0.0,0.05810549460137758,0.0,0.05810549460137758
0x6B2bdaf8a60B666b2C0F591E81B60D1a87c18FB7,0.0,0.056618192238294396,0.0,0.056618192238294396
0x724638DEa06A6A511F3dA33AEdAc2Fbc2C9191FD,0.0,0.053412794428420486,0.0,0.053412794428420486
0x5fe80a5dEC79E3068A46513171773b34CADc899B,0.0,0.04985647742292933,0.0,0.04985647742292933
0x2a62845c4E77C39C411b704F3c47DA0E6F8556e6,0.0,0.04984666785226546,0.0,0.04984666785226546
0x29f1EE96afdC8F2722381f59B2aaE300CeEc9a96,0.0,0.04983992970237513,0.0,0.04983992970237513
0x0000003b9a0D829e3e4C62838c8609337483e6f3,0.0,0.049836346727479504,0.0,0.049836346727479504
0x31F45494892875c3cD721FF3c579a909211C1d54,0.0,0.04982895352239159,0.0,0.04982895352239159
0x189826F0105fB0ca1BBc63E178d5Feb3Beff0285,0.0,0.04584304812553854,0.0,0.04584304812553854
0xC1B95A9f6bEB97A3bE86e5fD2A6d9a870F4A1178,0.0,0.0448613097699726,0.0,0.0448613097699726
0xb7911c63824bD5cF0d3263466B94f0f8efDC5312,0.0,0.04376003936426097,0.0,0.04376003936426097
0x1CfC15F4CB2D908adc6E00447192BfF70c02cF1C,0.0,0.04293648069670434,0.0,0.04293648069670434
0xA8435c600d7588333B1E26a7Ba9890620D0e27F7,0.0,0.040906224748367914,0.0,0.040906224748367914
0x9ba4a587E757c8C6E3e2063c8634fC1D24F4a675,0.0,0.03989691040359771,0.0,0.03989691040359771
0x7751E5F7C5E80EeCC559b718E9719CD78b891988,0.0,0.039896909351460785,0.0,0.039896909351460785
0xD41f93A21C395C3b2091f8F31CF09565c25c3AEd,0.0,0.039422102902187915,0.0,0.039422102902187915
0x67dbc5f16Ea68385BE21bCc7dE6E50BE27A56d60,0.0,0.03551417294877116,0.0,0.03551417294877116
0x69DcaA1990862Dd649a33D34a6621f208311b777,0.0,0.029928570142850282,0.0,0.029928570142850282
0xCF9A94d260E5318A570c05898c1f9FD82320729f,0.0,0.0298988067523988,0.0,0.0298988067523988
0x1faC05f8d939519755651990D87bEeD6cf143AE7,0.0,0.024923019164176576,0.0,0.024923019164176576
0x84a8D4DaB1F110A88DfD096F4E66802f5258F726,0.0,0.02491873431071525,0.0,0.02491873431071525
0xd5F7407B16437A537Ee8E0f5be102D656DfE9c88,0.0,0.02491652976075053,0.0,0.02491652976075053
0x3f8da957247890E412d34e394bb1ec81A569EfdB,0.0,0.024636594871482845,0.0,0.024636594871482845
0x3c179d35A542Cd6C3f1dEdEa743f29533Fa206Ee,0.0,0.020525839554894176,0.0,0.020525839554894176
0xEa40Bef75A253CE209E9Ab174a97D14f612e09d9,0.0,0.019988059266084823,0.0,0.019988059266084823
0xe3921277177E0B9ACd49f90D6D02A155d6B3a894,0.0,0.019959711486222,0.0,0.019959711486222
0xd40aC510dadE8D432863310Fb4C04abD05188c06,0.0,0.01995174713803057,0.0,0.01995174713803057
0x3E608B5F62352c9Fd51E6eE3aDF90979976ca441,0.0,0.01994432586939544,0.0,0.01994432586939544
0x30293Ab5213f8996D3d40981ACF42558193e37eA,0.0,0.019936120875213036,0.0,0.019936120875213036
0xDB2a2f53e2bC952Abde8Aa1cC32F09dFF35F7C42,0.0,0.019934301817256257,0.0,0.019934301817256257
0x1c2D65E92d0C5D407488052980102dB8fc24190F,0.0,0.018457125541134725,0.0,0.018457125541134725
0x1591560FC90459467EdC2319adAa8438bC13A306,0.0,0.018379932875144184,0.0,0.018379932875144184
0xF8c1C57356390E5a714607045F333297A3b8d77c,0.0,0.015947643960240412,0.0,0.015947643960240412
0x8d5460D731E12b5c1B53Bd025D0DB6B3f7C5CF5f,0.0,0.01396495460065772,0.0,0.01396495460065772
0x2f1B163d061Da596459f0d1392431c48E9DA2516,0.0,0.013020938459677733,0.0,0.013020938459677733
0xD6Af4607fF31dd9dbd73A1EB902d89e059B28065,0.0,0.010963521028505948,0.0,0.010963521028505948
0x8fa5b6f2aB0aC636C74b66DF3C6CEC534656f806,0.0,0.009968240235927295,0.0,0.009968240235927295
0xeDbEEb29869dAa48BCF3eE214a48678BAe7CE13A,0.0,0.008967027762167994,0.0,0.008967027762167994
0xbD32811d7906154b28041efaE0B16537967e36cb,0.0,0.005463950694642085,0.0,0.005463950694642085
0x4ee9cA7c248E254E72af92D1549819d12F1fdfB6,0.0,0.004984503917276312,0.0,0.004984503917276312
0x850971207017c8c573daD4c0a0079d4766b2700C,0.0,0.00109559769610377,0.0,0.00109559769610377
0xD89b1b886719fB9f2168aEa44d719e9B81cD78DD,0.0,0.0,441.768404896901,441.768404896901
0xdAdC82e26b3739750E036dFd9dEfd3eD459b877A,0.0,0.0,338.7310452723464,338.7310452723464
0x29c7B44E0584624C1e877d3eE0856520e2851Ba6,0.0,0.0,247.51866171623107,247.51866171623107
0xf927798A50F90A9C0a1656378F910c07Cfb9b251,0.0,0.0,244.48256479876125,244.48256479876125
0x324b9d99DA9a586e7510F1CA7f48F1d6885e6EB1,0.0,0.0,230.16534486954504,230.16534486954504
0x797c6C78d8B8BdeCFED83713d10BD284d1A419b3,0.0,0.0,149.45991617071914,149.45991617071914
0xe32e3BD2EC560513CaB4757564cA50D13cAF9F7F,0.0,0.0,79.66794332101402,79.66794332101402
0xd50cBDe55f8da4e8Cf94f38DeaE2c722a5BD156B,0.0,0.0,77.06203270245113,77.06203270245113
0x0A0AE914771Ec0a5851049864cCC27B1bAa8CD43,0.0,0.0,50.42784514608369,50.42784514608369
0x32a59b87352e980dD6aB1bAF462696D28e63525D,0.0,0.0,30.364630694569463,30.364630694569463
0xA5Af3D4135A260F800B6EAef2bE5865407A5699D,0.0,0.0,29.941271451430378,29.941271451430378
0x4e76902Faccd6feeeF68ff0508a7Caf75bCe81b6,0.0,0.0,25.279741841754557,25.279741841754557
0x5Ebe7111B4855881DA56C1091c17319ab4965919,0.0,0.0,24.252670280591758,24.252670280591758
0xD2eeFF73117C86c14F11A6052620848F8dD6E0c8,0.0,0.0,15.500292369536254,15.500292369536254
0x35248F3E4f2070908Cba885a5198AE8894fc5128,0.0,0.0,15.066111497341364,15.066111497341364
0x53D8EDF6a54239eB785eC72213919Fb6b6B73598,0.0,0.0,8.92849614781505,8.92849614781505
0x269EA4CD75A8EcabfF55E47A34453801E412b991,0.0,0.0,7.4825861322098906,7.4825861322098906
0x89320709fa03205DF978694c3151D40f1DD5Cc23,0.0,0.0,4.9841090296884385,4.9841090296884385
0x173A6B6d8618cE4869783959c17Ac401540F28D4,0.0,0.0,4.68605471755458,4.68605471755458
0x9fc7b795121f24140d969559d4c83f5D6373C484,0.0,0.0,3.286232295261978,3.286232295261978
0x774e07D068d952dFD5E1c432e9f65010f4f823EB,0.0,0.0,3.080311352134909,3.080311352134909
0x9B1856d9e00dd107256Ad5D7574E7be7514a602D,0.0,0.0,2.3891964872948277,2.3891964872948277
0xDd392899ee3726E027C2BC100AAF8f1339716383,0.0,0.0,0.99623679291809,0.99623679291809
0x3A6D41beA462d4c49D0179b783d709a508C50B54,0.0,0.0,0.26043780773547653,0.26043780773547653
0x00d9Acf1D63Eae19a1b0E416bE85Dd7754298ffC,0.0,0.0,0.2256744133726381,0.2256744133726381
0x434bF013D35fc0bD36c2946AFD5365873B3C27d7,0.0,0.0,0.013748306166122612,0.013748306166122612
